[
    {
        "English": "Selfish",
        "Dansk": "Egoistisk",
        "Correct": 0,
        "Explanation": "He is only interested in Facebook and himself"
    },
    {
        "English": "Insecure",
        "Dansk": "Usikker",
        "Correct": 0,
        "Explanation":"He needs constant approval through Facebook"
    },
    {
        "English": "Addicted",
        "Dansk": "Afhængig",
        "Correct": 0,
        "Explanation": "He cannot stop checking Facebook"
    },
    {
        "English": "Insincere",
        "Dansk": "Uærlig",
        "Correct": 0,
        "Explanation": "He does not tell the truth to his boss"
    },
    {
        "English": "Dishonest",
        "Dansk": "Uærlig",
        "Correct": 0,
        "Explanation": "He is not being honest towards his boss"
    },
    {
        "English": "Superficial",
        "Dansk": "Overfladisk",
        "Correct": 0,
        "Explanation": "He does not think about things that are serious"
    },
    {
        "English": "Antisocial",
        "Dansk": "Asocial",
        "Correct": 0,
        "Explanation": "He is incapable of being present in other's company"
    },
    {
        "English": "Immature",
        "Dansk": "Umoden",
        "Correct": 0,
        "Explanation": "He does not behave in a way that is typically of his age"
    },
    {
        "English": "Irritated",
        "Dansk": "Irriteret",
        "Correct": 1,
        "Explanation": "She is annoyed when he is checking Facebook"
    },
    {
        "English": "Annoyed",
        "Dansk": "Irriteret",
        "Correct": 1,
        "Explanation": "It irritates her when he is constantly on his phone"
    },
    {
        "English": "Direct",
        "Dansk": "Direkte",
        "Correct": 1,
        "Explanation": "She says exactly what she means"
    },
    {
        "English": "Sincere",
        "Dansk": "Oprigtig",
        "Correct": 1,
        "Explanation": "She says what she feels and reacts to it."
    },
    {
        "English": "Critical",
        "Dansk": "Kritisk",
        "Correct": 1,
        "Explanation": "She makes judgements about how bad facebook is"
    },
    {
        "English": "Honest",
        "Dansk": "Ærlig",
        "Correct": 1,
        "Explanation": "She tells the truth"
    },
    {
        "English": "Sceptical",
        "Dansk": "Skeptisk",
        "Correct": 1,
        "Explanation": "She doesn't approve of his way of living"
    },
    {
        "English": "Social",
        "Dansk": "Social",
        "Correct": 1,
        "Explanation": "She is able to form a relationship"
    },
    {
        "English": "Mature",
        "Dansk": "Voksen",
        "Correct": 1,
        "Explanation": "She behaves in a reasonable way"
    },
    {
        "English": "Wicked",
        "Dansk": "Ond",
        "Correct": 2,
        "Explanation": "None of the characters behave morally wrong"
    },
    {
        "English": "Furious",
        "Dansk": "Rasende",
        "Correct": 2,
        "Explanation": "None of the characters get very angry"
    },
    {
        "English": "Courageous",
        "Dansk": "Modig",
        "Correct": 2,
        "Explanation": "There are no grounds for characterizing them as brave"
    },
    {
        "English": "Charismatic",
        "Dansk": "Karismatisk",
        "Correct": 2,
        "Explanation": "None of the characters have charisma"
    },
    {
        "English": "Devastated",
        "Dansk": "Ødelagt",
        "Correct": 2,
        "Explanation": "None of the characters experience sadness"
    },
    {
        "English": "Pessimistic",
        "Dansk": "Pessimistisk",
        "Correct": 2,
        "Explanation": "None of the characters expect that bad things will happen"
    }
]