[{
    "English": "Affectionate",
    "Dansk": "Kærlig",
    "Correct": 0,
    "Explanation": "She is showing that he likes him."

}, {
    "English": "Sensitive",
    "Dansk": "Sensitiv",
    "Correct": null,
    "Explanation": "She"

}, {
    "English": "Condescending",
    "Dansk": "Nedladende",
    "Correct": null,
    "Explanation": "None of the characters behave morally wrong"

}, {
    "English": "Enthusiastic",
    "Dansk": "Confident",
    "Correct": null,
    "Explanation": "He is very Enthusiastic about being an American"

}, {
    "English": "Resolute",
    "Dansk": "Resolute",
    "Correct": "0",
    "Explanation": "None of the characters behave morally wrong"

}, {
    "English": "Obstinate",
    "Dansk": "Stædig",
    "Correct": 1,
    "Explanation": "None of the characters behave morally wrong"

}, {
    "English": "Submissive",
    "Dansk": "Underkastet",
    "Correct": null,
    "Explanation": "None of the characters behave morally wrong"

}, {
    "English": "Courageous",
    "Dansk": "Modig",
    "Correct": 0,
    "Explanation": "None of the characters behave morally wrong"

}, {
    "English": "Extrovert",
    "Dansk": "Udadvendt",
    "Correct": null,
    "Explanation": "None of the characters behave morally wrong"

}, {
    "English": "Talkative",
    "Dansk": "Snakkesalig",
    "Correct": null,
    "Explanation": "None of the characters behave morally wrong"

}, {
    "English": "Reticent",
    "Dansk": "Tilbageholdende",
    "Correct": null,
    "Explanation": "None of the characters behave morally wrong"

}, {
    "English": "Infuriated",
    "Dansk": "Rasende",
    "Correct": 1,
    "Explanation": "None of the characters behave morally wrong"

}, {
    "English": "Prudent",
    "Dansk": "Forsigtig",
    "Correct": null,
    "Explanation": "None of the characters behave morally wrong"

}, {
    "English": "Sensible",
    "Dansk": "Fornuftig",
    "Correct": null,
    "Explanation": "None of the characters behave morally wrong"

}, {
    "English": "Illogical",
    "Dansk": "Ulogisk",
    "Correct": 1,
    "Explanation": "None of the characters behave morally wrong"

}, {
    "English": "Perplexed",
    "Dansk": "Perpleks",
    "Correct": 1,
    "Explanation": "None of the characters behave morally wrong"

}, {
    "English": "Puzzled",
    "Dansk": "Forvirret",
    "Correct": 1,
    "Explanation": "None of the characters behave morally wrong"

}, {
    "English": "Devastated",
    "Dansk": "Ødelagt",
    "Correct": 1,
    "Explanation": "None of the characters behave morally wrong"

}, {
    "English": "Distressed",
    "Dansk": "Fortvivlet",
    "Correct": 1,
    "Explanation": "None of the characters behave morally wrong"

}, {
    "English": "Enraged",
    "Dansk": "Vred",
    "Correct": 1,
    "Explanation": "None of the characters behave morally wrong"

}, {
    "English": "Disgusted",
    "Dansk": "Væmmes",
    "Correct": 0,
    "Explanation": "None of the characters behave morally wrong"

}, {
    "English": "Thrilled",
    "Dansk": "Begejstret",
    "Correct": 1,
    "Explanation": "He is thrilled to see what his wife has done"

}]
