[{
    "English": "Affectionate",
    "Dansk": "Kærlig",
    "Correct": 1,
    "Explanation": "He is showing that he likes her."

}, {
    "English": "Sensitive",
    "Dansk": "Sensitiv",
    "Correct": 0,
    "Explanation": "She"

}, {
    "English": "Disgusted",
    "Dansk": "Væmmes",
    "Correct": 0,
    "Explanation": "She displays disgust toward meat (2:27)"

}, {
    "English": "Enthusiastic",
    "Dansk": "Entusiatisk",
    "Correct": "2",
    "Explanation": "He is very Enthusiastic about being an American"

}, {
    "English": "Resolute",
    "Dansk": "Bestemt",
    "Correct": "0",
    "Explanation": "She changes the music in a very determined way"

}, {
    "English": "Obstinate",
    "Dansk": "Stædig",
    "Correct": "2",
    "Explanation": "None of the characters behave morally wrong"

}, {
    "English": "Submissive",
    "Dansk": "Underkastet",
    "Correct": "2",
    "Explanation": "None of the characters behave morally wrong"

}, {
    "English": "Courageous",
    "Dansk": "Modig",
    "Correct": "2",
    "Explanation": "None of the characters behave morally wrong"

}, {
    "English": "Extrovert",
    "Dansk": "Udadvendt",
    "Correct": 1,
    "Explanation": "None of the characters behave morally wrong"

}, {
    "English": "Talkative",
    "Dansk": "Snakkesalig",
    "Correct": 1,
    "Explanation": "None of the characters behave morally wrong"

}, {
    "English": "Reticent",
    "Dansk": "Tilbageholdende",
    "Correct": 0,
    "Explanation": "None of the characters behave morally wrong"

}, {
    "English": "Introvert",
    "Dansk": "Indadvendt",
    "Correct": 0,
    "Explanation": "We do not know whether she enjoys or not being with other people"

}, {
    "English": "Prudent",
    "Dansk": "Forsigtig",
    "Correct": 0,
    "Explanation": "None of the characters behave morally wrong"

}, {
    "English": "Sensible",
    "Dansk": "Fornuftig",
    "Correct": "2",
    "Explanation": "None of the characters behave morally wrong"

}, {
    "English": "Illogical",
    "Dansk": "Ulogisk",
    "Correct": "2",
    "Explanation": "None of the characters behave morally wrong"

}, {
    "English": "Perplexed",
    "Dansk": "Perpleks",
    "Correct": "2",
    "Explanation": "None of the characters behave morally wrong"

}, {
    "English": "Puzzled",
    "Dansk": "Forvirret",
    "Correct": "2",
    "Explanation": "None of the characters behave morally wrong"

}, {
    "English": "Devastated",
    "Dansk": "Ødelagt",
    "Correct": "2",
    "Explanation": "None of the characters behave morally wrong"

}, {
    "English": "Distressed",
    "Dansk": "Fortvivlet",
    "Correct": "2",
    "Explanation": "None of the characters behave morally wrong"

}, {
    "English": "Enraged",
    "Dansk": "Vred",
    "Correct": 0,
    "Explanation": "She is angry when she is in dispute with her husband over being American (1:28)"

}, {
    "English": "Infuriated",
    "Dansk": "Rasende",
    "Correct": "2",
    "Explanation": "None of the characters behave morally wrong"

}, {
    "English": "Thrilled",
    "Dansk": "Begejstret",
    "Correct": 1,
    "Explanation": "None of the characters behave morally wrong"

}]
